1,1,1500.732666015625,56.459171295166016,246.57666015625,618.699462890625,1,-1,-1,-1
1,2,1197.595703125,9.864490509033203,214.609375,527.4529418945312,1,-1,-1,-1
1,3,581.8724365234375,169.6190185546875,209.68988037109375,561.7483520507812,1,-1,-1,-1
1,4,823.4658813476562,140.16943359375,294.89068603515625,692.6141357421875,1,-1,-1,-1
2,1,1495.1791647416728,58.08800509744441,245.47738304409512,615.9183026778796,1,-1,-1,-1
2,2,1197.2194374225176,9.125292147486675,215.1747302443892,528.9506160010976,1,-1,-1,-1
2,3,561.8161813998299,158.84249940982534,212.9142277058928,571.1810983705127,1,-1,-1,-1
2,4,811.5352622047635,140.92528842894495,294.35451281687415,691.1374884991607,1,-1,-1,-1
3,1,1494.4470484451683,59.204114537054636,244.7478324299397,614.0854153248537,1,-1,-1,-1
3,2,1197.3740540951521,9.712220839965823,214.6205181505472,527.7654855841746,1,-1,-1,-1
3,3,551.7436573982324,147.5998014135415,216.12601129008686,580.8928077037807,1,-1,-1,-1
3,4,804.2345679807627,136.8914969635017,293.42571864581953,688.4917001809825,1,-1,-1,-1
4,1,1494.7789440363251,60.52874426291828,243.60520006542816,611.4518087431069,1,-1,-1,-1
4,2,1192.0880631698685,8.56767185093338,215.00506607465584,529.1656788088112,1,-1,-1,-1
4,3,542.4965494877407,141.80820424231518,217.96290276584222,587.6162115968591,1,-1,-1,-1
4,4,796.8537196849528,136.3138039840032,292.6302333213403,685.8705708661847,1,-1,-1,-1
5,1,1495.1555957943215,61.32353052906615,242.8710763948006,609.9506565859327,1,-1,-1,-1
5,2,1190.1664058581032,7.2935668747520594,215.7289782649272,531.1631259445361,1,-1,-1,-1
5,3,529.0206612819736,134.40981903993497,219.27975150527342,593.4858097651559,1,-1,-1,-1
5,4,786.8303877109865,136.85639113785948,287.669389953108,673.2647628113566,1,-1,-1,-1
6,1,1490.7569238474714,62.49623357777352,241.8106703533659,607.6374609187767,1,-1,-1,-1
6,2,1189.7273014138784,7.63022076492075,215.43698673366404,531.0111813579733,1,-1,-1,-1
6,3,512.985597166778,135.33467620685713,223.47441180646015,607.0102441469705,1,-1,-1,-1
6,4,780.9455797869107,142.71581234774334,281.6098787734014,657.676344386118,1,-1,-1,-1
7,1,1489.544144158516,63.69024531876397,240.6975970345663,605.4277986197354,1,-1,-1,-1
7,2,1189.492977763741,7.615163546456358,215.26758067232518,531.0743858230584,1,-1,-1,-1
7,3,501.28058179639874,136.68228290364135,227.6520018077698,621.4996807307467,1,-1,-1,-1
7,4,781.7874379493408,146.61671147847727,274.3116287915808,639.1785848669002,1,-1,-1,-1
8,1,1489.2029769670726,63.92339391577508,240.19010458191593,604.9248125462419,1,-1,-1,-1
8,2,1184.5442725807472,6.747843137838572,215.7097626193925,532.6788531778412,1,-1,-1,-1
8,3,491.4964831892127,142.1256709310233,231.16582089823768,635.6331466987482,1,-1,-1,-1
8,4,779.4820822903303,153.18688122667828,267.99480645618104,622.0060835439126,1,-1,-1,-1
9,1,1489.3130835695679,64.26675701007127,239.64079693001358,604.3752298843517,1,-1,-1,-1
9,2,1182.8709213554096,6.382496555327748,215.54444558568179,533.1080870593925,1,-1,-1,-1
9,3,478.2458586287905,149.6507620443213,233.75265687782587,647.9704083080937,1,-1,-1,-1
9,4,776.2752319144645,157.37222653921606,261.15396892378203,603.0174503057813,1,-1,-1,-1
10,1,1489.5909915652287,64.3990546431287,239.1546018063218,604.0318732364591,1,-1,-1,-1
10,2,1178.865351059017,4.987687551924296,212.98225126529093,527.8996384868608,1,-1,-1,-1
10,3,465.7798565104152,159.7298022210523,231.5130045813327,648.0818463934457,1,-1,-1,-1
10,4,766.4191273164286,162.0883346511493,257.2484959131302,590.0160217919009,1,-1,-1,-1
11,1,1489.4764499331,63.27185342132867,239.62039033598344,606.0786608570069,1,-1,-1,-1
11,2,1177.5217720119688,4.4746936822512,211.71464164770686,525.959008236433,1,-1,-1,-1
11,3,451.5821538904991,166.18068835027697,231.60102832283982,652.0889597450221,1,-1,-1,-1
11,4,757.5657347643634,163.47793075825945,257.5996429256757,586.8557633420183,1,-1,-1,-1
12,1,1489.2825229669163,62.16702097321962,240.09279816065276,608.1826638719585,1,-1,-1,-1
12,2,1177.6020338126189,5.012110412811012,210.18421499453018,523.8231272963308,1,-1,-1,-1
12,3,437.38531789250703,172.17493086033596,231.5954128664934,654.1486456217332,1,-1,-1,-1
12,4,749.7932438179629,165.2405058925171,257.59991753031477,583.6691597122109,1,-1,-1,-1
13,1,1489.2651757802598,61.406305378419574,240.3188821191281,609.3476742112523,1,-1,-1,-1
13,2,1173.2628508513717,5.124189677243237,209.37810698022182,523.3346556020697,1,-1,-1,-1
13,3,428.1359255142497,181.4432182653947,230.5367960182984,651.1019529966987,1,-1,-1,-1
13,4,743.1032341728691,169.30738720818061,256.34214093718265,575.9058730973076,1,-1,-1,-1
14,1,1489.3056753138471,60.682092473267005,240.61993231078142,610.3593691440606,1,-1,-1,-1
14,2,1171.1839239898807,3.8989554504946113,210.12770296105992,525.7782583801019,1,-1,-1,-1
14,3,417.2663953064245,194.177115446939,227.3366939046019,641.4530608833282,1,-1,-1,-1
14,4,740.5392348023107,170.99708365554875,256.5782189009977,572.797768795441,1,-1,-1,-1
15,1,1488.8620042276402,59.10478197326,241.8953742882603,613.5195011759789,1,-1,-1,-1
15,2,1170.4917104140611,3.4345596695437735,210.08227170528318,526.7743956194392,1,-1,-1,-1
15,3,405.23133737659873,211.1382146723085,224.01352219468367,630.3449838274636,1,-1,-1,-1
15,4,733.5556455312923,163.1106578306107,259.9910105778794,579.6877060574573,1,-1,-1,-1
16,1,1493.4719972948742,59.013528106606486,241.6766460010516,613.4172751414866,1,-1,-1,-1
16,2,1170.1468927354817,2.187486905908031,210.41516879494597,528.9435444733911,1,-1,-1,-1
16,3,398.2744477376167,228.50254998753854,219.1235521065883,614.1490853032723,1,-1,-1,-1
16,4,725.7757257412426,158.17994864517095,262.7680966690612,586.3672551815729,1,-1,-1,-1
17,1,1494.9079196436007,57.90575024213274,242.24902750213076,615.3016491435098,1,-1,-1,-1
17,2,1170.1292564934643,1.3093577430473715,210.4888975435113,530.2485724000895,1,-1,-1,-1
17,3,393.5311463908574,249.67982508202368,213.27329802765271,595.1118230498677,1,-1,-1,-1
17,4,716.9288353801812,153.18639002797897,266.49243483852945,595.157198001495,1,-1,-1,-1
18,1,1494.9439756494507,56.49293507359471,243.4723909070873,618.1538896533389,1,-1,-1,-1
18,2,1170.1186562558364,0.7198465416345243,210.4028275154251,531.0612522698857,1,-1,-1,-1
18,3,393.5889249440662,268.63898098867173,208.51534575693321,575.4416285047075,1,-1,-1,-1
18,4,711.273208486084,146.00671412072404,273.1278907196684,608.542588471517,1,-1,-1,-1
19,1,1494.2938141069271,54.27126472121148,245.39712772681457,622.5019413146872,1,-1,-1,-1
19,2,1170.2461200897028,0.7888415155567259,210.08128890324247,530.8388249918423,1,-1,-1,-1
19,3,394.0922235416575,281.88859332905497,206.54080600657662,563.648274687351,1,-1,-1,-1
19,4,698.9930423309278,140.85093659059663,277.93593917711314,618.1827277553418,1,-1,-1,-1
20,1,1493.6896351641526,52.31812349661641,247.01631179790812,625.8607005892977,1,-1,-1,-1
20,2,1170.4077167228604,0.6325503691121526,209.8639254518324,530.9823931861191,1,-1,-1,-1
20,3,394.56684577481144,283.92545472291056,206.25957533479817,556.6329130154015,1,-1,-1,-1
20,4,690.4050668804974,136.29838668871952,278.644265662913,619.2750217283624,1,-1,-1,-1
21,1,1498.6812439768241,49.91877884200193,246.3085976237136,623.248002654167,1,-1,-1,-1
21,2,1170.475076676805,0.147290428307997,209.81045352788703,531.8879208120187,1,-1,-1,-1
21,3,398.59867740508486,283.6559116662034,208.3728156533798,555.400138419671,1,-1,-1,-1
21,4,686.597860915207,134.10912192857108,280.26192108457553,620.1298270073457,1,-1,-1,-1
22,1,1500.2603700730729,48.128624985850706,246.7874270127302,623.8171469929237,1,-1,-1,-1
22,2,1170.550795673379,-0.07322020186018108,209.7363316579305,532.5387904618239,1,-1,-1,-1
22,3,394.4216529428087,279.70862570774653,211.6603314747318,561.8478914192793,1,-1,-1,-1
22,4,679.7832075984603,132.2350030276179,282.90385432844135,622.0222347339501,1,-1,-1,-1
23,1,1500.393872516977,46.48701493467661,247.98004742615075,625.9046729362557,1,-1,-1,-1
23,2,1166.4540125596995,0.10786989946944914,209.43417741854122,532.2098496473376,1,-1,-1,-1
23,3,396.6551373623164,275.98556228119344,214.95987910299672,567.6210494590755,1,-1,-1,-1
23,4,677.2142899631152,131.93109150748523,284.21112096461184,621.8733544212996,1,-1,-1,-1
24,1,1504.938851171002,46.08519483586667,248.2949651653062,625.7522846031015,1,-1,-1,-1
24,2,1165.2779478863968,0.7430885193704171,208.75532746609954,530.9481092751951,1,-1,-1,-1
24,3,405.90914145156285,269.3155131659763,218.87176234775734,571.5510968974891,1,-1,-1,-1
24,4,671.5537342523278,131.4909009687829,285.31753992715846,623.0981547385609,1,-1,-1,-1
25,1,1505.6921331928552,43.63026818307702,250.8161550863456,630.3143699837854,1,-1,-1,-1
25,2,1164.592154594074,0.4008827777423676,208.92680145849883,531.50477620401,1,-1,-1,-1
25,3,413.0199313229831,265.0875974597582,222.7109493425983,576.1345673043058,1,-1,-1,-1
25,4,669.4657525091956,132.26956521662976,285.84844657999696,621.8070359110161,1,-1,-1,-1
26,1,1505.4720945042106,42.1811749285427,252.81405079794467,633.1565373830772,1,-1,-1,-1
26,2,1164.274676377965,-0.10091575927941676,209.245914024792,532.5161204890763,1,-1,-1,-1
26,3,423.47499639481543,260.70190519732597,227.5840376194456,582.2557458418074,1,-1,-1,-1
26,4,661.7643571305052,131.57729052766337,291.1005408316238,632.3646062227444,1,-1,-1,-1
27,1,1509.6865277432005,41.69106454759935,253.74663565658403,633.8634482857252,1,-1,-1,-1
27,2,1164.2788337205275,0.23614141208065575,208.89501975355552,532.1491412218633,1,-1,-1,-1
27,3,427.3808895534937,251.35031563031038,229.58514746413604,582.4100238152449,1,-1,-1,-1
27,4,653.8153445233671,130.2437554293146,294.10690653668934,638.5042731999099,1,-1,-1,-1
28,1,1510.5788927626832,40.001220424239705,255.84821325393588,636.8302709833126,1,-1,-1,-1
28,2,1164.1792681586421,-0.05409932605726908,209.00975063650301,532.7719262842867,1,-1,-1,-1
28,3,434.0232608846691,241.40060741256917,229.32814868266075,576.4030032488134,1,-1,-1,-1
28,4,650.3293767431941,126.84286146150936,296.58013161031585,646.406700391174,1,-1,-1,-1
29,1,1510.0404267802974,37.62042541094854,258.5419882069014,641.2593463813171,1,-1,-1,-1
29,2,1164.2985984262448,0.12656017520311025,208.60394782836732,532.3971156944558,1,-1,-1,-1
29,3,433.2975963310951,232.28369327309053,226.80342214891775,565.1344910188325,1,-1,-1,-1
29,4,650.6850243001129,123.07707862488314,294.5698330184027,645.959889344832,1,-1,-1,-1
30,1,1509.194737565748,35.895869593425175,260.7145008138381,644.2467842432104,1,-1,-1,-1
30,2,1164.3113036475509,-0.442784005697888,208.76932007786792,533.290336431246,1,-1,-1,-1
30,3,438.4764876852378,219.98404625449604,224.18113886253934,550.4385971441623,1,-1,-1,-1
30,4,651.7113577970883,121.26580410861243,292.5075355481458,645.958916301338,1,-1,-1,-1
31,1,1514.9285803547107,35.7637181405683,258.17902013655055,635.979321757371,1,-1,-1,-1
31,2,1164.4970846429044,-0.6281380981710072,208.5195376467113,533.4229628730311,1,-1,-1,-1
31,3,435.49301200452965,202.76050496142227,223.1567442974245,541.7107092212497,1,-1,-1,-1
31,4,653.9226428618651,118.6260383425888,288.58230550840415,641.5628174701089,1,-1,-1,-1
32,1,1516.5538548921677,34.618489016540934,258.3275125511441,634.4657508007293,1,-1,-1,-1
32,2,1164.4052245035757,-1.024808512863899,208.69324692767714,534.1756263689541,1,-1,-1,-1
32,3,427.85966141492133,190.09959718690658,226.38818919043294,542.1857807812909,1,-1,-1,-1
32,4,654.2635530216781,119.05620355004021,288.50050921700745,645.4760126808586,1,-1,-1,-1
33,1,1518.0024591686538,33.21510350735173,256.44757204410564,627.8300120800488,1,-1,-1,-1
33,2,1164.4522694732598,-1.4139309948832306,208.7037414205366,534.8257410000476,1,-1,-1,-1
33,3,417.3657654316136,179.98113429356982,233.66119410091858,553.1480682124817,1,-1,-1,-1
33,4,656.065066369021,122.03873062320747,285.3566275961339,641.6935783260288,1,-1,-1,-1
34,1,1518.1740558718354,32.84422755612195,256.3009857404195,624.728434392416,1,-1,-1,-1
34,2,1164.3702629068807,-1.765702307284755,208.96463160339368,535.4486316463046,1,-1,-1,-1
34,3,394.95075587090327,177.12850091558983,235.6556711573379,556.8305752909217,1,-1,-1,-1
34,4,658.4535149510426,127.32957733610476,280.9035702245337,632.7553431956459,1,-1,-1,-1
35,1,1518.185599137423,33.09879696333172,256.2390070460833,622.536601263644,1,-1,-1,-1
35,2,1164.5752291639662,-1.3145535962194117,208.62672605362826,534.5934253798354,1,-1,-1,-1
35,3,382.9228418807081,183.75835822327912,233.92349600357466,552.1298498811298,1,-1,-1,-1
35,4,660.6910981939426,131.73128670786298,276.9574115079061,624.1751497589623,1,-1,-1,-1
36,1,1518.821327361747,30.940384797019306,254.80043912125075,617.4706145333869,1,-1,-1,-1
36,2,1164.6630400122924,-1.2918894102127751,208.4856368589434,534.5504784052358,1,-1,-1,-1
36,3,378.7757223696802,188.6162999082013,232.56561606727814,546.7424835598051,1,-1,-1,-1
36,4,662.5693545231225,135.61186960387744,273.56630633235835,616.8742773444053,1,-1,-1,-1
37,1,1518.521756490049,29.318384804015295,255.4697328383407,617.2336847573123,1,-1,-1,-1
37,2,1164.7428855553997,-1.3127425636315024,208.34024722988562,534.5350518477525,1,-1,-1,-1
37,3,367.97626365628497,190.33356617340115,232.0968358100196,545.3641273324583,1,-1,-1,-1
37,4,668.0728814060483,140.96746098807643,272.22305902245887,615.1562619112481,1,-1,-1,-1
38,1,1518.2168212706895,28.451736717116376,256.1878395091147,617.3777492494893,1,-1,-1,-1
38,2,1164.715104971689,-1.5119218353405586,208.36057858462908,534.8495107296254,1,-1,-1,-1
38,3,364.83355485281555,193.75368619489126,230.10081649031858,540.1383939105077,1,-1,-1,-1
38,4,669.9954856328279,142.27600270089226,272.19994863195154,616.1994610299863,1,-1,-1,-1
39,1,1517.4941954580245,27.240586926287563,257.46329627515934,619.2273148088441,1,-1,-1,-1
39,2,1164.6756014518721,-1.770952436542359,208.44501811210938,535.320998919641,1,-1,-1,-1
39,3,359.4241685152675,196.28759938125683,228.90239062992674,536.0283551957173,1,-1,-1,-1
39,4,666.7711435846159,144.64650047218385,270.8619501880307,613.0693821657369,1,-1,-1,-1
40,1,1516.4356648962769,25.53193918631223,259.3709407558967,622.613635721596,1,-1,-1,-1
40,2,1164.5881059671337,-2.137137047275985,208.6536992726908,536.0477741241901,1,-1,-1,-1
40,3,352.4848856000609,200.06526584068365,229.40224550878452,537.0380076255713,1,-1,-1,-1
40,4,664.9046659488891,148.06543142173444,271.83360885493215,615.455852083009,1,-1,-1,-1
41,1,1516.1691352824762,25.845203276929396,259.6505215706953,622.2794687110404,1,-1,-1,-1
41,2,1164.5507236610238,-2.2874559224910627,208.7068539150764,536.4113915744254,1,-1,-1,-1
41,3,351.43425911117436,205.37477837508976,226.64701746094894,530.7897399714526,1,-1,-1,-1
41,4,664.9437429360527,151.15209159002205,270.61060810631915,612.6798023550992,1,-1,-1,-1
42,1,1515.733128693769,25.763846773668035,260.35378479111205,622.8560339436684,1,-1,-1,-1
42,2,1164.6358266139796,-2.1114242675745345,208.53375707815508,536.1162282574566,1,-1,-1,-1
42,3,352.0969873838402,213.50862297794606,223.67489915557192,524.4492725020899,1,-1,-1,-1
42,4,664.9847907090468,153.10768773088216,270.01215643868954,610.318961049456,1,-1,-1,-1
43,1,1515.4635920882276,25.681910447642224,260.89302976898847,623.2787679654131,1,-1,-1,-1
43,2,1164.6233515810932,-2.071668760953969,208.43456746430576,536.080571067359,1,-1,-1,-1
43,3,349.8659064757323,224.8945048776044,219.05766428542802,514.3460768549504,1,-1,-1,-1
43,4,664.5200163894001,153.7192105282432,270.61868801997167,609.8009203258864,1,-1,-1,-1
44,1,1515.0517877391226,25.339805037244503,261.63633507192617,624.308957719248,1,-1,-1,-1
44,2,1164.9241460593498,-1.466100888657536,207.754684482837,534.8481885054736,1,-1,-1,-1
44,3,345.1180554027121,235.02955235980988,216.02823342293428,508.71097797472726,1,-1,-1,-1
44,4,657.9299924970774,150.61005662339682,274.40813407754473,617.3465021280348,1,-1,-1,-1
45,1,1514.8046349451356,25.252816787040047,262.1144714105486,624.5855110366516,1,-1,-1,-1
45,2,1165.0675460829007,-1.4089705773072296,207.59299669732818,534.807133629983,1,-1,-1,-1
45,3,346.7539676967905,248.53395435311376,207.60418296756518,489.1976177467785,1,-1,-1,-1
45,4,647.863443098583,146.12398138493234,281.8263727031389,634.7637448115273,1,-1,-1,-1
46,1,1514.5028967383175,25.248909475542916,262.75056438898775,624.7224971749636,1,-1,-1,-1
46,2,1165.1537774026906,-1.490828924513437,207.56041090173215,535.0230594357171,1,-1,-1,-1
46,3,348.51205671639036,260.6131899393328,202.50310855916953,477.5540193644457,1,-1,-1,-1
46,4,637.4539257448005,143.344709954979,288.8062830480158,652.3438752067876,1,-1,-1,-1
47,1,1514.2082778775832,24.945662439535965,263.2945148352946,625.3276005962854,1,-1,-1,-1
47,2,1165.35818947753,-1.1287238050873611,207.17623854375728,534.3939744644981,1,-1,-1,-1
47,3,346.24030060945125,273.082498770871,197.9696304381761,466.0708396909931,1,-1,-1,-1
47,4,630.6773596270754,136.48995859144816,297.158966904627,671.1471413749297,1,-1,-1,-1
48,1,1513.8726538335266,24.591757871999675,263.98791225587354,626.0916022590743,1,-1,-1,-1
48,2,1165.5619226581462,-0.6230395334275158,206.62175199544677,533.5386719663924,1,-1,-1,-1
48,3,345.6492577815399,282.74601592683564,196.14497209732193,459.9887424714528,1,-1,-1,-1
48,4,622.2528612153217,126.54706556896696,302.96666232344415,684.0375197344803,1,-1,-1,-1
49,1,1513.6049485920785,24.166815965419346,264.487356778482,626.9051656339167,1,-1,-1,-1
49,2,1165.4728619515834,-0.8943876916341651,206.71943931264346,533.985906343602,1,-1,-1,-1
49,4,613.1424619026668,119.37745970301808,307.8412483781597,695.3182172917336,1,-1,-1,-1
50,1,1513.6624703048733,24.542894021126926,264.2181410213876,626.0965295705491,1,-1,-1,-1
50,2,1165.574137425613,-0.8933632171845716,206.67336709640094,533.9189126289941,1,-1,-1,-1
50,4,599.9011781393563,114.74888217837679,311.1260880303099,702.8425703099174,1,-1,-1,-1
51,1,1513.3889051923393,23.897050517135597,264.6391530492506,627.386797005063,1,-1,-1,-1
51,2,1165.7074194351426,-0.8700454749503592,206.53994428250587,533.6515917309886,1,-1,-1,-1
51,4,595.6534583897574,110.67056854043943,310.8075480732452,701.6548795625409,1,-1,-1,-1
51,3,351.29866312285594,288.3668876563993,196.05524987993942,455.8155883276435,1,-1,-1,-1
52,1,1513.2866459401853,23.31267583288553,264.8953388085408,628.4745784518791,1,-1,-1,-1
52,2,1165.7654502852315,-0.7498288298349962,206.62113539283212,533.49104106111,1,-1,-1,-1
52,4,590.8294123758238,111.8250556445214,308.2579772700354,695.3438686114363,1,-1,-1,-1
52,3,349.54039867033686,277.9980022428744,202.05847425946243,467.1821700081117,1,-1,-1,-1
53,1,1513.1439889301548,22.59842007102924,265.2768388834212,629.6939583306615,1,-1,-1,-1
53,2,1165.674751374916,-1.101948388821711,206.99882419154702,534.138938271936,1,-1,-1,-1
53,4,590.9752357204896,112.85843877545858,303.3516510339548,682.3942874471104,1,-1,-1,-1
53,3,355.89834547880434,265.9235024840181,208.66109204140176,478.7621555991652,1,-1,-1,-1
54,1,1512.7706312962732,21.269897865179473,266.02863552359196,632.060843735718,1,-1,-1,-1
54,2,1165.7787069199428,-1.0277469615647306,206.9591184959466,534.0241166670988,1,-1,-1,-1
54,4,588.3753410060672,118.59732143570272,297.9284480917994,667.1821865298043,1,-1,-1,-1
55,1,1507.5347320422704,19.319313380934034,267.5724734719831,635.9022450117184,1,-1,-1,-1
55,2,1165.5417294216422,-1.7331252630977474,207.60538788687052,535.3669028570031,1,-1,-1,-1
55,4,582.0644037560313,128.77397184831688,297.42599842776673,663.1680761224872,1,-1,-1,-1
56,1,1505.38852218476,17.848750388375436,268.3932374987544,638.4921745405085,1,-1,-1,-1
56,2,1165.5155961490493,-2.0525775221851745,207.83783732425232,535.8804319987735,1,-1,-1,-1
56,4,579.9012936999736,133.42986120572925,297.0912061371069,660.5263253645932,1,-1,-1,-1
57,1,1504.378604344382,16.63356844272198,269.1480023770031,640.6432145253408,1,-1,-1,-1
57,2,1165.6169879743256,-1.7642659662617461,207.64886193667542,535.3052837515294,1,-1,-1,-1
57,4,579.4212790863824,136.0581753112802,296.5167596048461,658.0681156959018,1,-1,-1,-1
57,3,389.1642291779287,230.33714091075063,228.81625411807386,517.403432340426,1,-1,-1,-1
58,1,1504.3750072754365,16.89616258280506,268.6205459095307,640.1492719671512,1,-1,-1,-1
58,2,1169.7752762285718,-1.8427571499391888,207.8810565156597,535.3985373958036,1,-1,-1,-1
58,4,578.7260637988684,135.38715928502984,297.96195157479985,659.9486274873702,1,-1,-1,-1
58,3,402.2312303408661,223.77461587991644,231.74121164171834,517.4445669115607,1,-1,-1,-1
59,1,1504.4672497601534,16.86865354665514,268.3000993229333,640.1073143401698,1,-1,-1,-1
59,2,1167.3040816631187,-1.5904890351887957,207.5157959815485,534.9953645695135,1,-1,-1,-1
59,4,582.8437277703958,129.8990949312651,299.26524010497445,661.991608107254,1,-1,-1,-1
59,3,410.9360728522455,216.3461217385373,234.22994920946712,517.8202991944349,1,-1,-1,-1
60,1,1504.2580193107037,15.967520276301059,268.709773781881,641.9337207990951,1,-1,-1,-1
60,2,1166.4680349739692,-1.5191892950247734,207.1811301575551,534.8229186580822,1,-1,-1,-1
60,4,589.5739766478437,124.31757818838656,298.9051161899193,660.6415622240484,1,-1,-1,-1
60,3,423.0156253324925,209.49918080073707,235.69802657432325,516.7681809642228,1,-1,-1,-1
61,1,1508.9395630331842,16.042755776543743,268.33738798342904,641.6540721421002,1,-1,-1,-1
61,2,1166.2375489795695,-1.1526141837874775,206.7256255941901,534.1346616736018,1,-1,-1,-1
61,4,599.8350460919291,118.59259256244366,302.4955468838026,666.9241676480124,1,-1,-1,-1
61,3,433.2725846349107,199.52251125934276,242.7032833813799,530.9477824326725,1,-1,-1,-1
62,1,1510.6245423706348,15.78718581306805,268.3616854823241,642.1787973020167,1,-1,-1,-1
62,2,1166.2153291731815,-1.322626035484916,206.40379673471062,534.409388775629,1,-1,-1,-1
62,4,604.1927009502791,113.50414107578598,302.83710640395014,666.0935355485603,1,-1,-1,-1
62,3,428.63436057533465,187.02822597398773,243.78186969304582,535.9526429441877,1,-1,-1,-1
63,1,1511.3825250102818,16.26724535473221,268.1020624538994,641.4323256991835,1,-1,-1,-1
63,2,1166.3835847786897,-1.2952070133446227,205.94306670326355,534.4523615568253,1,-1,-1,-1
63,4,615.499810949856,106.72218484067486,302.36897341548683,665.9959556899265,1,-1,-1,-1
63,3,416.52193751303327,176.694952104128,245.7774185002094,548.0544253245034,1,-1,-1,-1
64,1,1511.4559284117363,16.120719486391692,268.43917572367377,641.9002889157966,1,-1,-1,-1
64,2,1170.575044464806,-2.000069976324369,206.26582577467317,535.7000088078138,1,-1,-1,-1
64,4,624.0298057307551,102.29569435504288,303.1752895047523,669.4353733494272,1,-1,-1,-1
64,3,412.0537380694569,171.51283133035423,245.72443361642038,555.6757973257327,1,-1,-1,-1
65,1,1511.0075086635907,14.871361117833146,269.7011943844976,644.2589525774467,1,-1,-1,-1
65,2,1168.1004713873504,-2.050960569047845,205.94255499112307,535.7657126638728,1,-1,-1,-1
65,4,628.479417476453,94.03291288270327,300.63408596116136,665.9624004169262,1,-1,-1,-1
65,3,406.88503775176895,170.01019291610055,242.913724786588,558.572895955787,1,-1,-1,-1
66,1,1510.5355000884913,13.822141872255202,270.93151802319596,646.4511086136845,1,-1,-1,-1
66,2,1171.5290039859817,-1.6445095769390718,205.6247781906287,535.1787619922774,1,-1,-1,-1
66,4,634.1245021107595,88.53601508277984,300.9723434278777,669.0583225673053,1,-1,-1,-1
66,3,405.7768983536835,174.27959118604326,239.9780502756286,559.2452141825413,1,-1,-1,-1
67,1,1514.651785717022,13.13424183278238,271.9768679942947,647.675793259981,1,-1,-1,-1
67,2,1172.9221397572994,-1.388025770435604,205.3068293294703,534.8087357893339,1,-1,-1,-1
67,4,641.6553590234246,84.03172494247957,299.2506878474097,666.6337711080809,1,-1,-1,-1
67,3,406.51179900188987,177.37496997924552,236.57230725799567,556.2867382222381,1,-1,-1,-1
68,1,1516.2293701284418,13.180199688872563,272.42497488167993,647.3863398463237,1,-1,-1,-1
68,2,1173.6226894551812,-1.3553545637217894,204.87482839385106,534.6678037141319,1,-1,-1,-1
68,4,644.9760376856423,82.65178077422974,297.4768215736937,664.8458919451263,1,-1,-1,-1
68,3,410.9511499751898,178.95475329951853,235.8585491901932,555.2610523686227,1,-1,-1,-1
69,1,1516.7486439945492,13.341328742744906,272.78148660028927,647.0038063928987,1,-1,-1,-1
69,2,1173.926102762395,-1.5347865982345752,204.62173388660725,535.08203350318,1,-1,-1,-1
69,4,646.4825927108373,81.99009235920545,296.3013966570274,664.414913601489,1,-1,-1,-1
69,3,408.2578038503011,180.54792945733368,234.55917465661668,552.9949218325867,1,-1,-1,-1
70,1,1516.8236491074856,13.665420825904675,273.138585144928,646.4338923062351,1,-1,-1,-1
70,2,1173.9881965129027,-1.8828298524718434,204.64055172068848,535.8722967984587,1,-1,-1,-1
70,4,647.8944612336146,83.12791336711581,294.01628270002317,661.5788637918297,1,-1,-1,-1
70,3,407.3729226350693,180.10523015284707,233.81396860624034,554.1229594334534,1,-1,-1,-1
71,1,1516.7297552196871,14.081440673000202,273.475116982796,645.5179306093744,1,-1,-1,-1
71,2,1174.082226264177,-1.9727005726937819,204.42240050594305,536.2262977482237,1,-1,-1,-1
71,4,653.3760895978644,84.7726247975628,292.0372812273472,658.1829754687194,1,-1,-1,-1
71,3,403.1956435654889,180.10445989847045,231.9207254438768,553.5909695215096,1,-1,-1,-1
72,1,1516.6847669354634,14.623719764509701,273.6183759176309,644.4297360699277,1,-1,-1,-1
72,2,1174.2498762937807,-1.895862811066479,204.03765497775217,536.2070672635508,1,-1,-1,-1
72,4,656.1402012561472,87.19118343992028,289.69386317960317,653.4233311175707,1,-1,-1,-1
72,3,401.57957675005645,176.03958264516427,231.09734427937894,554.0924722940844,1,-1,-1,-1
73,1,1516.3847456443714,14.699982830813951,274.1603562902934,644.3093363630567,1,-1,-1,-1
73,2,1174.4496641747921,-1.8007301485442895,203.48156793835236,536.0262439402654,1,-1,-1,-1
73,4,654.3549028181258,87.65281009157053,285.089594096066,644.1308217914036,1,-1,-1,-1
73,3,402.1647286893727,176.60872682332007,228.19629341115103,548.8140181831035,1,-1,-1,-1
74,1,1516.405907147513,15.646682657534711,273.95310621584184,642.60394081611,1,-1,-1,-1
74,2,1174.6858358325073,-1.6974579708084434,202.99190664709326,535.6486583162082,1,-1,-1,-1
74,4,654.0240841112139,88.74781885053125,282.45191595380635,638.4042097831458,1,-1,-1,-1
74,3,403.35257551173225,174.4934914486916,225.11825301118355,542.454248656399,1,-1,-1,-1
75,1,1516.3915387845732,16.42030583211482,273.7631473162323,641.1332753029126,1,-1,-1,-1
75,2,1174.8039206691667,-1.7004561843986608,202.7025836797547,535.540577350157,1,-1,-1,-1
75,4,653.5931082713992,89.07407951310927,281.77012887731155,636.5352093364755,1,-1,-1,-1
75,3,399.694303602604,170.16494098345765,222.87849833182665,537.5677149123944,1,-1,-1,-1
76,1,1516.206024137659,16.66707190324962,273.92626351935854,640.6066244609308,1,-1,-1,-1
76,2,1174.829034529448,-1.9958889609908397,202.77578564371987,535.9702384740867,1,-1,-1,-1
76,4,648.5303344561703,88.66515864952225,282.0538263677201,637.2523010881522,1,-1,-1,-1
76,3,400.5821504568345,164.73278146491242,217.751462754997,524.5718593007002,1,-1,-1,-1
77,1,1511.473864439518,17.092380852485974,273.9424624211935,639.9186341933408,1,-1,-1,-1
77,2,1174.850658690531,-2.0350854639723934,202.67924509841865,536.0563061322711,1,-1,-1,-1
77,4,645.6678708662051,87.39282041147766,283.5532176018505,640.2200701173829,1,-1,-1,-1
77,3,408.74615616326923,160.82382826334936,209.7201235368159,504.5990711088027,1,-1,-1,-1
78,1,1509.8830529602624,17.764793681717038,273.52177765256664,638.752004495907,1,-1,-1,-1
78,2,1174.7574364537418,-2.3802477073190857,202.89180038703395,536.640402243449,1,-1,-1,-1
78,4,639.4533669233665,85.62140547713926,285.15771823697025,643.5184324443455,1,-1,-1,-1
78,3,414.0448336547852,156.1778397094689,202.35612188062711,485.8631451010814,1,-1,-1,-1
79,1,1509.4600530046796,18.433077881335578,272.97440872268936,637.5112987344502,1,-1,-1,-1
79,2,1174.641923146069,-2.6892633141438864,203.1560761184108,537.0770182048393,1,-1,-1,-1
79,4,636.3887521920012,83.48301327036205,287.1907738286293,647.6984470231904,1,-1,-1,-1
79,3,417.4474253577462,158.37214246738122,196.84809277143572,470.64415671334217,1,-1,-1,-1
80,1,1509.8639366126472,19.870397240180694,271.66972129260023,634.857339834809,1,-1,-1,-1
80,2,1174.7686471906125,-2.5438030427145577,202.8559694102119,536.5852546860277,1,-1,-1,-1
80,4,635.0122902688731,82.94223515567955,288.2327600877414,648.6790595857367,1,-1,-1,-1
80,3,419.3722401015049,161.97100106299294,193.5477869840402,460.9261674749228,1,-1,-1,-1
81,1,1510.2950224957965,20.932103770231322,270.5926537251319,632.8644692583371,1,-1,-1,-1
81,2,1174.8979919063263,-2.325810267440545,202.52677250408846,536.1665785540537,1,-1,-1,-1
81,4,631.1940175874652,81.3005282457002,286.1452096611623,643.7562738626004,1,-1,-1,-1
82,1,1510.5413242154393,21.525274751580866,269.95589162664004,631.8330680569219,1,-1,-1,-1
82,2,1174.96688698627,-2.3591063181034997,202.41564772411098,536.1493333642467,1,-1,-1,-1
82,4,630.443808930577,82.45930416519474,283.98203936977154,638.0052690170763,1,-1,-1,-1
83,1,1510.925130883994,22.408256275217184,269.127787866111,630.3339993233575,1,-1,-1,-1
83,2,1175.1032668480007,-2.064981132614548,202.21336943485372,535.6721429507888,1,-1,-1,-1
83,4,631.0956435127036,85.23907760228803,281.4437088373121,631.337660709332,1,-1,-1,-1
84,1,1511.149426357919,22.675848995590798,268.72245482588244,629.9451218817345,1,-1,-1,-1
84,2,1175.3123931091525,-1.6718547481173118,201.88510776544956,534.8415527731539,1,-1,-1,-1
84,4,627.7848964287114,89.38464284186767,278.38596134949574,622.3084269854448,1,-1,-1,-1
85,1,1511.3878708551501,22.829015353393572,268.3328804075204,629.7538571495938,1,-1,-1,-1
85,2,1175.4419526292436,-1.181948566594997,201.67294374366497,533.8314500992643,1,-1,-1,-1
85,4,627.5820965353961,93.85036200604031,275.2874618242957,613.1582013680884,1,-1,-1,-1
86,1,1511.4430081393991,22.53958994072525,268.3148259256556,630.3480866058906,1,-1,-1,-1
86,2,1175.4892977348557,-0.9887348604596582,201.57243866874782,533.5245432078909,1,-1,-1,-1
86,4,628.0186898322445,98.03913037068406,273.1295454111336,605.306451265594,1,-1,-1,-1
87,1,1511.372890020246,22.131143105714386,268.5534821937204,631.0573876983804,1,-1,-1,-1
87,2,1175.4278727834946,-1.119504414104199,201.7243627546291,533.8152374276115,1,-1,-1,-1
87,4,623.0946435096389,100.02444982573445,273.3208267807937,601.9114005262121,1,-1,-1,-1
88,1,1511.235727359312,21.480338516853294,268.9081612171249,632.2188129010756,1,-1,-1,-1
88,2,1175.3810156012385,-1.2723315600062506,201.82530423737072,534.0087062095696,1,-1,-1,-1
88,4,620.3794487157029,99.63104967284085,275.2402403913026,602.7172396441729,1,-1,-1,-1
89,1,1510.9673749440772,20.774952962113446,269.50049606879867,633.4013769109416,1,-1,-1,-1
89,2,1175.4307311975049,-1.0687818662479458,201.68328587386173,533.5705244937991,1,-1,-1,-1
89,4,624.0612079618538,99.50780269191023,276.0597274249458,602.5004407392414,1,-1,-1,-1
89,3,450.5737972158607,145.94679283265273,200.1660629103852,480.050245965672,1,-1,-1,-1
90,1,1510.9131649861642,20.450104909905292,269.6776007758466,633.904558832012,1,-1,-1,-1
90,2,1175.420272714968,-1.009138710697414,201.55267296641696,533.4467734870875,1,-1,-1,-1
90,4,626.847010408171,97.86547878054535,273.5415262383846,596.7763902667488,1,-1,-1,-1
90,3,468.7263698263434,143.86628691378573,205.55152404589066,483.911757545173,1,-1,-1,-1
91,1,1511.3248073032141,21.20447599480218,268.8542132489774,632.3709877521934,1,-1,-1,-1
91,2,1175.3693789338479,-1.2514346309632174,201.74177005138498,533.9384391257346,1,-1,-1,-1
91,4,632.1778737888617,96.35253619863278,273.605084221176,596.1628991440423,1,-1,-1,-1
91,3,478.18372787036856,141.6686968756898,210.01629271655952,487.919422476129,1,-1,-1,-1
92,1,1511.94337200264,22.54752919506501,267.5745464464237,629.4258723062487,1,-1,-1,-1
92,2,1175.232752599861,-1.5806122389969914,202.1095317522953,534.5979941218892,1,-1,-1,-1
92,4,641.754307588005,92.456182044034,277.23606325944684,602.618094888338,1,-1,-1,-1
92,3,490.45608280770267,137.48709405525005,212.66758689738631,487.36697494960185,1,-1,-1,-1
93,1,1512.190649133412,23.22486778350708,267.07508652603997,627.9653090683902,1,-1,-1,-1
93,2,1175.2066703492226,-1.398379425956989,202.11742698503238,534.3753846823445,1,-1,-1,-1
93,4,649.5292537214362,89.2290279179067,279.77864344747076,608.6841037460787,1,-1,-1,-1
93,3,502.2092920158136,130.64099976571129,217.84797746619694,497.7841423218696,1,-1,-1,-1
94,1,1512.0162532966772,23.023120276107363,267.4682137901809,628.5097787685107,1,-1,-1,-1
94,2,1175.206092565751,-1.531285177853647,202.33390253106805,534.7070184516637,1,-1,-1,-1
94,4,652.6861745927195,88.6932857917094,280.3753567256409,609.8046079390124,1,-1,-1,-1
94,3,507.03669279354574,123.01151391759623,219.095877870451,502.83216357869105,1,-1,-1,-1
95,1,1512.104988154408,23.430649246590804,267.3163746971214,627.9048269665225,1,-1,-1,-1
95,2,1175.1896056020191,-1.4720502848815045,202.3785515279724,534.5731012142202,1,-1,-1,-1
95,4,662.9674466788504,88.3013866429863,280.6649026041752,610.5407053398686,1,-1,-1,-1
95,3,512.4894160634135,117.56671910309464,221.26613744208385,510.2188163695549,1,-1,-1,-1
96,1,1512.4536993127563,24.40550400365356,266.53756543767133,625.8368874980918,1,-1,-1,-1
96,2,1175.1028256659847,-1.3258578785530517,202.39498655058378,534.4492258944182,1,-1,-1,-1
96,4,670.5098542486953,85.8077089892983,282.8518806963914,615.4139350537289,1,-1,-1,-1
96,3,519.9396433907889,118.70334180512026,219.59045048081282,505.89840110049124,1,-1,-1,-1
97,1,1512.4460724183878,24.464915033854766,266.5577632397098,625.9153947540868,1,-1,-1,-1
97,2,1175.1716885181668,-1.1314560733545704,202.27443575937735,534.147924884418,1,-1,-1,-1
97,4,676.9433128799714,82.08317185153538,285.5364608805027,622.4713518979655,1,-1,-1,-1
97,3,524.0214789384443,122.76202928839447,216.04049214210636,497.32845045933715,1,-1,-1,-1
98,1,1512.7197444246478,24.806915943807383,266.0153045643157,625.2980698965358,1,-1,-1,-1
98,2,1175.1211990087102,-1.2008202830330106,202.40672934500563,534.5011795399822,1,-1,-1,-1
98,4,683.1516534523516,78.46436839886235,287.79573876697003,629.6581191951353,1,-1,-1,-1
98,3,527.2574794857526,129.24623791609397,211.24762973986645,484.9340916265489,1,-1,-1,-1
99,1,1507.74680595075,23.758044391414614,266.81406907970586,627.5270327047417,1,-1,-1,-1
99,2,1175.1341330260948,-1.1246291071720975,202.35294664992796,534.3310990034296,1,-1,-1,-1
99,4,687.265021271719,75.49273167614388,285.1796535632987,627.6491683577664,1,-1,-1,-1
99,3,534.5862553240353,137.27449028683756,205.3946277021061,469.4773637797512,1,-1,-1,-1
100,1,1505.924942745423,23.00220941400636,266.96901680710243,628.8817279584435,1,-1,-1,-1
100,2,1175.0273205576818,-1.5100494294718487,202.7759781718435,535.0143581385862,1,-1,-1,-1
100,4,693.8520973514065,74.08918664856179,282.99626698576463,627.6262600267955,1,-1,-1,-1
100,3,542.2062818873306,146.48657959036197,202.57871489341647,460.4617435432239,1,-1,-1,-1
101,1,1505.7860026593562,23.69049017411453,265.8708089177028,627.5531676853245,1,-1,-1,-1
101,2,1174.9196764569851,-1.513417096928265,203.05524214549067,535.141641108205,1,-1,-1,-1
101,4,701.0260257529483,76.25903360850191,281.76085868025274,630.0292906954704,1,-1,-1,-1
101,3,546.7471227548494,155.74994175452028,197.60878317958026,446.17550627234453,1,-1,-1,-1
102,1,1506.0813393488716,24.654508419523154,264.57558732582635,625.7042597114124,1,-1,-1,-1
102,2,1174.863496031429,-1.4114896860523913,203.28766617800403,534.9257083930146,1,-1,-1,-1
102,4,709.0194966256106,78.23237776467374,279.65728814864997,629.7952293069286,1,-1,-1,-1
102,3,548.1758882782913,164.16501420286727,196.28594385721672,439.90418545503917,1,-1,-1,-1
103,1,1506.3921166417165,25.21671180055006,263.67808695215325,624.7188477104713,1,-1,-1,-1
103,2,1174.7044815354664,-1.5041969057036226,203.62860900721623,535.1236374664302,1,-1,-1,-1
103,4,711.337623475154,80.8477606926549,280.28961097926776,634.2459140297809,1,-1,-1,-1
103,3,553.6725395780733,169.92265038518255,194.9911899236,432.30013970846136,1,-1,-1,-1
104,1,1507.1670467699735,26.86233428541243,262.04472999035943,621.5414020943388,1,-1,-1,-1
104,2,1174.5053691705339,-1.671509581931332,204.11129342513442,535.5265238183129,1,-1,-1,-1
104,4,721.9720007015356,84.08524549769999,279.10757108488764,632.696795072586,1,-1,-1,-1
104,3,560.0983928718572,173.1473480600616,194.7018784397882,427.61013893312764,1,-1,-1,-1
105,1,1507.337448419376,26.956209151703547,261.6456684101097,621.2970086262312,1,-1,-1,-1
105,2,1174.5613839756313,-1.4136266853246866,204.05520371629785,534.9712642494735,1,-1,-1,-1
105,4,731.1187670347261,90.95672311253315,277.8253530075517,629.3097846258324,1,-1,-1,-1
105,3,566.4975787961012,174.4918407542316,195.5579603942901,425.67640946073266,1,-1,-1,-1
106,1,1507.4309727751206,26.667070068949442,261.4438237560837,621.8801804257148,1,-1,-1,-1
106,2,1174.801716004028,-0.7912844649914632,203.57467986398947,533.7793282304463,1,-1,-1,-1
106,4,739.5920860046534,96.16747975501363,276.1525725307653,623.6182998876702,1,-1,-1,-1
106,3,577.1416814789269,174.20503213064055,198.10959398467782,425.7885460329622,1,-1,-1,-1
107,1,1507.6551508941852,26.748570073443148,261.02385025641036,621.6029971009004,1,-1,-1,-1
107,2,1174.8604493529738,-0.5763784392307798,203.37907958610722,533.4293080647533,1,-1,-1,-1
107,4,752.7149299113651,105.16706583866903,274.0640094140518,616.0462011249076,1,-1,-1,-1
107,3,587.5515200940557,165.20857147924772,204.4434968796026,434.6733520207466,1,-1,-1,-1
108,1,1507.8027626808089,26.768904397360245,260.78099228156094,621.6004601564101,1,-1,-1,-1
108,2,1175.045716224475,-0.3117613198139111,202.93077203022395,532.7650915867442,1,-1,-1,-1
108,3,596.3651018264118,153.59847384883247,215.16375595931902,453.71460283526136,1,-1,-1,-1
109,1,1507.9769620843172,26.661283777442577,260.5648618651366,621.8684785431499,1,-1,-1,-1
109,2,1174.9966406446968,-0.893184656692597,202.7969889895311,533.852178334527,1,-1,-1,-1
109,3,602.1007521118366,140.16790904692007,223.56612367603742,469.742600405873,1,-1,-1,-1
110,1,1508.2496813735247,26.5382584526767,260.14614255695074,621.8468974294082,1,-1,-1,-1
110,2,1175.0894746005308,-1.4904825240948298,202.46724916075806,535.0726697836591,1,-1,-1,-1
110,3,618.2986919374323,128.24789983625,225.32678382268094,471.6292613848946,1,-1,-1,-1
110,4,803.9761483905322,125.0956251850987,267.2889403685432,593.5767754829922,1,-1,-1,-1
111,1,1508.7275638077017,27.016953443759462,259.3000740779707,620.7189535112014,1,-1,-1,-1
111,2,1175.389942073296,-1.129530366148515,201.7800443109902,534.3872443861434,1,-1,-1,-1
111,3,629.1014951768543,122.90139742469864,225.89442371763525,473.74347535690185,1,-1,-1,-1
111,4,818.2939594805487,125.23938996001073,271.15913130497916,595.8439920419701,1,-1,-1,-1
112,1,1508.749147156035,26.268810041948484,259.5117916314531,622.0051233365373,1,-1,-1,-1
112,2,1175.5621809974302,-1.281410309996943,201.5415860772294,534.5818921971389,1,-1,-1,-1
112,3,642.7803533214541,122.35351605036058,225.1525043773432,472.115317545152,1,-1,-1,-1
112,4,837.7901048678024,127.47243911071826,271.176396176618,592.3592515377277,1,-1,-1,-1
113,1,1508.4979367347937,24.97678617168077,260.2280649418211,624.5652099613908,1,-1,-1,-1
113,2,1175.695449462265,-1.4239020295546538,201.48033395366645,534.5308461547523,1,-1,-1,-1
113,3,653.897400678417,130.762353539503,221.48461731166933,463.07085444417214,1,-1,-1,-1
113,4,853.125137264537,128.08223686854467,272.9747279410752,591.7059375669746,1,-1,-1,-1
114,1,1508.0286050655193,23.252582547440568,261.21055228927014,627.667941022143,1,-1,-1,-1
114,2,1176.3550893840672,0.39013462526799003,199.91266882761482,530.9538866521791,1,-1,-1,-1
114,3,660.0443920245771,139.7723409483628,215.77261299761048,448.72530846259747,1,-1,-1,-1
114,4,862.251865323816,131.6171366032051,275.56133638652415,593.3228536253846,1,-1,-1,-1
115,1,1507.7712804189377,22.323968551766995,261.8478959025046,629.436691483178,1,-1,-1,-1
115,2,1176.7180651328479,1.2453567271140855,199.1193490205364,529.2608606645286,1,-1,-1,-1
115,3,666.7189379295484,144.50053711915933,213.28726469696747,440.9256202040831,1,-1,-1,-1
115,4,873.8200931735025,126.53339707163326,278.0061731617418,597.5097851428691,1,-1,-1,-1
116,1,1508.075059643797,22.847970813534914,261.354478172494,628.3971845973282,1,-1,-1,-1
116,2,1176.802973044306,1.18619621702544,198.7921993926421,529.3803636050451,1,-1,-1,-1
116,3,672.334151297803,150.1730656641003,214.8608132899722,439.4564047462691,1,-1,-1,-1
116,4,885.1338397024069,119.23357286836267,282.7897310067302,609.4439039021302,1,-1,-1,-1
117,1,1508.370053985622,23.39076047967785,260.792471095006,627.2042800207696,1,-1,-1,-1
117,2,1176.7321164621637,0.4542816228460538,198.9798112151355,531.0466058195217,1,-1,-1,-1
117,4,896.4055479983344,109.75232353088785,288.49564942885866,626.6593043311238,1,-1,-1,-1
118,1,1508.5822842643297,23.53701020136623,260.26979050218387,626.6798694644905,1,-1,-1,-1
118,2,1177.027214610488,0.6365485078383699,198.16820541747668,530.3319513220009,1,-1,-1,-1
118,4,909.5272533109919,98.60045732467302,291.0286218705673,639.6360549628364,1,-1,-1,-1
119,1,1509.1240258996056,24.532854357517294,259.0221740785015,624.7075359168999,1,-1,-1,-1
119,2,1177.764898348298,-1.4048678522480031,196.5006466045434,527.0005382109543,1,-1,-1,-1
119,4,923.692408340462,92.08176318918134,291.3774451282529,648.5982647805081,1,-1,-1,-1
119,3,695.4005532462883,139.64193944646746,222.26689704098894,453.7549463167626,1,-1,-1,-1
120,1,1509.338517719802,24.834479738919583,258.50056403723306,624.2451604713282,1,-1,-1,-1
120,2,1173.7488252360372,-2.5669612215891675,195.60274852606312,526.2580918729533,1,-1,-1,-1
120,4,941.0049489987123,94.55696621489568,285.2244564472621,641.6332996477573,1,-1,-1,-1
120,3,706.0481274993456,134.01276075741566,226.6894088509778,464.17204389632434,1,-1,-1,-1
121,1,1504.7420164897692,24.393410005534747,258.77433283607616,625.5943098221635,1,-1,-1,-1
121,2,1172.4114375591835,-3.0287242144150923,194.8833993061791,526.0629894787156,1,-1,-1,-1
121,4,956.1450896670606,98.43198565457237,283.522023637247,642.9270549569118,1,-1,-1,-1
121,3,718.9532490985645,130.00717583655435,228.22727332449486,471.76288376072677,1,-1,-1,-1
122,1,1503.1568372644922,24.29761338296339,258.4408708750182,625.787069290754,1,-1,-1,-1
122,2,1171.9553610511496,-3.2979120981400456,194.49584166043653,526.367412983567,1,-1,-1,-1
122,4,965.5429167538159,107.05380497835239,284.0880789913664,647.4127822426237,1,-1,-1,-1
122,3,727.5111020464734,128.11607529404347,231.0210600162368,483.7980555822862,1,-1,-1,-1
123,1,1503.1304816892962,24.985405048543498,257.24781919763865,624.0857087166387,1,-1,-1,-1
123,2,1171.775231825535,-3.132233682880951,194.17066747510313,525.7904021112303,1,-1,-1,-1
123,4,977.2833515340212,117.67702629465833,285.75814058747926,653.3243268670705,1,-1,-1,-1
123,3,738.6149653966942,127.56892552923131,234.21327103992888,497.1830606062779,1,-1,-1,-1
124,1,1503.4769102552436,25.789333813374867,256.0676578620323,622.4140912510651,1,-1,-1,-1
124,2,1171.206384614779,-3.557002698987958,195.03385711930574,526.6596828685847,1,-1,-1,-1
124,4,989.830988919277,129.26787369837245,288.0117241416886,659.1700036225893,1,-1,-1,-1
124,3,749.9155199824436,132.83233888114407,229.5271408234372,492.7409054522057,1,-1,-1,-1
125,1,1503.931809900025,26.345958713311745,255.09201694779,621.1784150478605,1,-1,-1,-1
125,2,1170.9173864437353,-3.2567046349492443,195.68020073606635,526.1283613022373,1,-1,-1,-1
125,4,1000.9813075546393,142.21648616296375,293.96332922023856,672.2237245395332,1,-1,-1,-1
125,3,760.8928680938145,144.02169785074165,223.18193057029836,481.96913521512136,1,-1,-1,-1
126,1,1504.3968275112768,26.804889413514843,254.02119306664815,620.1941060578174,1,-1,-1,-1
126,2,1170.3798480100168,-1.3088094882780865,197.50813012576145,530.5021762946108,1,-1,-1,-1
126,4,1010.6740323940627,153.1418226073929,303.3378999347426,692.3922392833625,1,-1,-1,-1
126,3,769.8361218631615,153.86305571427,219.7016082800151,475.0845658712624,1,-1,-1,-1
127,1,1504.5862147928888,26.53549638866417,253.45867594153498,621.1336384594007,1,-1,-1,-1
127,2,1169.636686437071,-1.5047289092194092,199.1189846524966,534.2360392393042,1,-1,-1,-1
127,4,1018.480675915471,163.28903968354183,306.94210850777966,697.4948304470621,1,-1,-1,-1
127,3,783.2176148171853,166.558970298815,216.40865899131603,463.8758530757304,1,-1,-1,-1
128,1,1505.1236781227014,26.996364173619668,252.26211419854656,620.3716184887667,1,-1,-1,-1
128,2,1169.6890724387752,-0.4809784903982859,199.1768842349725,533.1579500172624,1,-1,-1,-1
128,4,1030.069853962878,167.46376863613943,308.2601245337027,698.724272910523,1,-1,-1,-1
128,3,797.4309549928718,173.5589498589338,214.7743060417563,455.7498603947161,1,-1,-1,-1
129,1,1505.5912490102332,27.678092747335143,251.1520283660563,619.3541526613575,1,-1,-1,-1
129,2,1174.5582130428802,-2.1213535537726216,198.18534052141752,527.4539038887953,1,-1,-1,-1
129,4,1039.1044740271238,170.338282709951,308.07885652265344,696.314163730481,1,-1,-1,-1
129,3,811.2536739513923,176.20239175768853,215.56677324859317,452.7637548793567,1,-1,-1,-1
130,1,1505.7812735064567,27.558608193614987,250.68517600286745,619.4572793146853,1,-1,-1,-1
130,2,1171.0051019337307,-4.512278455700709,199.79325623908855,528.8991695647525,1,-1,-1,-1
130,4,1051.0108977654827,170.48961277550404,308.96222344596566,696.691660391084,1,-1,-1,-1
130,3,829.8086942532175,178.00737356300806,216.11735732595142,449.88268232052917,1,-1,-1,-1
131,1,1506.0717922784002,27.515418440392068,250.1480389687814,619.3003484543176,1,-1,-1,-1
131,2,1168.9170168840099,-7.256552712546295,202.02004713743509,533.424935411684,1,-1,-1,-1
131,4,1063.4534352254166,167.57778206264703,310.9346535186839,701.8705168232142,1,-1,-1,-1
131,3,836.9969204403959,174.77822694212804,224.63153253811114,465.1464976228812,1,-1,-1,-1
132,1,1506.3520756304745,27.724645911071093,249.5863182423617,618.5604695682365,1,-1,-1,-1
132,2,1167.6019219952098,-9.397672098316946,204.06787127335002,537.1900802264753,1,-1,-1,-1
132,4,1071.9436087796441,164.99098076524126,312.4504612416708,706.1950719438153,1,-1,-1,-1
132,3,846.7161117248194,169.3610630612486,231.81580263364944,478.8186110130021,1,-1,-1,-1
133,1,1506.7514960736066,28.238454226819613,248.82049500143648,617.3920004317911,1,-1,-1,-1
133,2,1169.272093314169,-8.908935780345502,200.36008499471075,526.560862735908,1,-1,-1,-1
133,4,1080.151616132681,164.68316098523343,311.40313647969225,705.8021558548711,1,-1,-1,-1
133,3,864.1716374870634,166.82183797633147,233.90232200223977,484.3877947911763,1,-1,-1,-1
134,1,1507.2480781757406,29.121994345297367,247.78327484405548,615.6811075074253,1,-1,-1,-1
134,2,1173.516513072597,-7.876998022934458,191.91468383644767,501.97087450151196,1,-1,-1,-1
134,4,1088.1500856049206,160.71457577531584,309.7621283961811,704.2492147354891,1,-1,-1,-1
134,3,874.2298486450125,158.70304368445045,236.46514364810585,492.12896178539347,1,-1,-1,-1
135,1,1507.3190829612035,29.005876920842468,247.6662390233975,616.1274829903508,1,-1,-1,-1
135,4,1095.5527533027469,153.73867925973036,308.54680204524806,705.5971446035452,1,-1,-1,-1
135,3,886.0458848078276,151.94598509402198,239.65972075159345,501.7495641032946,1,-1,-1,-1
136,1,1507.1563648893477,28.19007557708227,248.17214957131418,618.0184257119013,1,-1,-1,-1
136,4,1101.9341770603328,146.32715102155606,309.6950505520502,714.4116264786658,1,-1,-1,-1
136,3,898.1779468190782,144.9011034272766,243.19376864017113,514.1903260788532,1,-1,-1,-1
137,1,1507.4703918469547,29.02986757024621,247.5971338004695,616.6036890340929,1,-1,-1,-1
137,4,1108.2666535231656,140.41412124028506,310.7015394249232,723.2793741567732,1,-1,-1,-1
137,3,911.0146155081422,139.3908355070111,245.78082256039892,525.3323754497221,1,-1,-1,-1
137,2,1180.412553704407,-2.8224796108913495,189.67441974182242,493.06586825861586,1,-1,-1,-1
138,1,1507.3991192065557,29.15151018031702,247.82568617226642,616.5859828067671,1,-1,-1,-1
138,4,1111.9013343376444,140.38513304378534,307.96877111283186,722.3993605186664,1,-1,-1,-1
138,3,923.383395980022,140.79911555642332,249.8000115547034,540.1797478362064,1,-1,-1,-1
138,2,1181.123667505479,-1.2765036648177954,190.0668085907741,490.95508145423554,1,-1,-1,-1
139,1,1507.642210271299,30.244675229296263,247.59913818924906,614.6181476254993,1,-1,-1,-1
139,4,1113.866199869229,136.72690676922787,304.9842101126541,720.5276770914982,1,-1,-1,-1
139,3,933.0658193561719,145.8209792580514,258.84642146167334,564.5049891534579,1,-1,-1,-1
139,2,1172.9963457003298,-1.321338922000166,197.43109886716385,510.2360079730071,1,-1,-1,-1
140,1,1507.5427685671061,30.22744232199466,248.04347953183586,614.7087309959346,1,-1,-1,-1
140,4,1114.605885816669,139.3116442832772,303.2060057286156,720.449746547829,1,-1,-1,-1
140,3,939.2575212267487,156.7641294524375,265.7904569045947,582.7180384077253,1,-1,-1,-1
141,1,1507.3371708099394,29.53063362067701,248.7425868134585,615.654697221741,1,-1,-1,-1
141,4,1120.1023388196747,142.63702296947724,300.46416154921945,716.4044305837352,1,-1,-1,-1
141,3,948.7718076356234,167.49047772363247,262.5224097414831,577.6843573500339,1,-1,-1,-1
141,2,1168.838513832837,-2.5163242919438176,201.85995719461545,521.1190269478685,1,-1,-1,-1
142,1,1507.4740982263277,29.813378129031946,248.47915152638598,614.5822364572377,1,-1,-1,-1
142,4,1120.0951638805896,148.89787922668944,303.18897304779546,723.4847524290714,1,-1,-1,-1
142,3,961.9896259997672,182.4598089885189,259.67216475867093,571.4616862199819,1,-1,-1,-1
142,2,1168.0840606238778,-2.670298304578637,202.81785671394863,523.2847328661725,1,-1,-1,-1
143,1,1513.9668020996974,30.85690596324673,244.5092432938589,604.458505090982,1,-1,-1,-1
143,4,1124.0051000892727,164.33349969381328,304.8579801381832,727.3740194839273,1,-1,-1,-1
143,3,978.756702266899,193.50653389847912,252.63664673662498,558.744603325914,1,-1,-1,-1
143,2,1172.68498182827,-2.9612358720367524,193.7483927379045,496.5909712306651,1,-1,-1,-1
144,1,1516.7999954881348,32.35825674767523,242.0322151985109,598.0483150536935,1,-1,-1,-1
144,4,1127.6205345039043,173.88180918399325,310.05546497432476,740.2399285251804,1,-1,-1,-1
144,3,994.9067809420355,198.06978718867032,248.23222379762635,553.009768031622,1,-1,-1,-1
144,2,1177.173836997438,-2.926160607518881,193.83664155167895,495.3803429230441,1,-1,-1,-1
145,1,1513.4537249006205,33.06381207482741,241.07524527557018,594.6173949673773,1,-1,-1,-1
145,4,1137.7917985874637,183.46159239300067,312.7013584519837,751.1186841337411,1,-1,-1,-1
145,3,1013.600295504946,202.5782809624095,248.5388656540845,553.9161701816807,1,-1,-1,-1
146,1,1512.4054337754724,34.15890150620942,240.20521607238297,591.5691704611971,1,-1,-1,-1
146,4,1148.4872933156346,192.32575929944545,309.09667744695525,745.0730708436387,1,-1,-1,-1
146,3,1028.02326011749,200.11063232833692,251.94933858899145,561.9305904799947,1,-1,-1,-1
147,1,1512.20344272148,35.167660665975575,239.44745447419612,589.0713605410069,1,-1,-1,-1
147,4,1151.9931544121387,200.22633463190243,308.32275047505874,742.1029060447522,1,-1,-1,-1
147,3,1038.4875552903545,195.6142021049119,251.57714876597512,562.380838141498,1,-1,-1,-1
147,2,1166.6579165562262,-4.348091393060315,207.91069622454813,534.2247339049908,1,-1,-1,-1
148,1,1512.123312590213,35.551620598158365,239.07671785179417,588.3801547121752,1,-1,-1,-1
148,4,1152.8634248549197,202.50576156387166,308.9159401111135,742.4714269583918,1,-1,-1,-1
148,3,1049.6310264437568,193.26313654924218,254.84090633002006,573.0212355985998,1,-1,-1,-1
148,2,1163.7214064496604,-3.439815684895052,212.4352788258011,547.4980498334717,1,-1,-1,-1
149,1,1512.6453802989784,37.014283858722195,237.54890927441457,585.5771005286643,1,-1,-1,-1
149,4,1156.9102521115876,201.73185350421477,310.59025568489403,745.438052968058,1,-1,-1,-1
149,3,1058.9735513617716,187.78396191962054,254.19174186704694,576.3137663809002,1,-1,-1,-1
149,2,1166.590812774305,-4.5508763959290945,215.0251086644912,555.0487204736047,1,-1,-1,-1
150,1,1508.0752312285213,36.90815711030416,237.55082451145972,586.2425302879628,1,-1,-1,-1
150,4,1158.3186526987727,202.07470636696002,311.2026387234127,744.9141793234163,1,-1,-1,-1
150,3,1072.2303451531009,185.3361989473279,252.50281136674406,578.2332577427114,1,-1,-1,-1
151,1,1507.1201014678663,38.872260846806114,235.60630380477664,582.3830882893791,1,-1,-1,-1
151,4,1163.054011360601,202.2147845104542,311.71087805506016,744.2098611080513,1,-1,-1,-1
151,3,1076.843541149728,185.90568881638137,279.86885723176056,650.7358469900378,1,-1,-1,-1
152,1,1503.0122575821465,41.75320701052658,233.318373766648,576.9290424705074,1,-1,-1,-1
152,4,1164.7022789289463,203.3925830797782,311.86830833836507,741.7098232173298,1,-1,-1,-1
152,3,1085.8817605655802,193.25470253091208,292.79893201416627,689.6766230721831,1,-1,-1,-1
153,1,1501.3230368398667,42.923206858652634,232.32032165416175,574.9133028040994,1,-1,-1,-1
153,4,1170.2159065252497,206.15528304988135,310.8062538924663,736.2973681421657,1,-1,-1,-1
153,3,1094.5709623096802,196.89582673423047,295.90867719893293,704.041889378213,1,-1,-1,-1
154,1,1496.0705667843665,42.91098317202358,232.0956152472957,574.9620776703539,1,-1,-1,-1
154,4,1175.1943747620026,213.2373464936054,313.7680808487159,739.6248441421981,1,-1,-1,-1
154,3,1098.7327892557607,199.3138996117596,294.8547749153553,707.0959193929638,1,-1,-1,-1
155,1,1494.1587542368752,42.714384602563086,231.67548000566734,575.5225074460409,1,-1,-1,-1
155,4,1173.1036586161422,217.14158400532182,322.9130583262234,757.3637616036475,1,-1,-1,-1
155,3,1101.2270832001598,196.69507185561616,291.9844665636735,705.8283776327404,1,-1,-1,-1
155,2,1177.8508264801344,-1.2283942076965388,184.42018180470933,471.933453371431,1,-1,-1,-1
156,1,1489.4227606023887,42.761024943425696,230.73310507948634,574.894023943893,1,-1,-1,-1
156,4,1171.8909014147093,222.02829828462575,336.0861342219618,784.316747129558,1,-1,-1,-1
156,3,1106.4980149984563,194.70877657397813,290.3978844893171,706.6835230649903,1,-1,-1,-1
156,2,1178.2777956500863,-0.7406324741929495,182.55216026903224,463.8588069210608,1,-1,-1,-1
157,1,1487.7163356888868,41.89220155930508,230.24722533863064,576.3056330223793,1,-1,-1,-1
157,4,1173.348683930245,228.71357892454608,346.06213478193564,803.6373510810562,1,-1,-1,-1
157,3,1114.9273551065326,192.98891853780378,285.5079771504845,699.2473058972921,1,-1,-1,-1
157,2,1177.9364431785143,-1.2131723986337306,183.06294409669005,462.51947670664885,1,-1,-1,-1
158,1,1486.3290504322013,39.11948353235721,231.56586142504824,581.9745570278104,1,-1,-1,-1
158,4,1182.6065590225098,240.05135115696163,350.481284796274,811.3865022376891,1,-1,-1,-1
158,2,1179.0051561032735,-1.966357540516924,180.86115678643563,454.1162912374195,1,-1,-1,-1
159,1,1480.4902119273895,35.200703207223285,233.97188479584565,589.7951990627926,1,-1,-1,-1
159,4,1191.5400102956767,246.42771071883044,350.3699806009722,810.1738352948339,1,-1,-1,-1
159,2,1178.9630220245056,-3.000700031748238,181.1069326134176,452.6357094586889,1,-1,-1,-1
160,1,1478.243481362753,32.422043225882305,234.84913580624342,594.6949304274701,1,-1,-1,-1
160,4,1198.764390208657,242.28434008627642,351.4858766975522,813.1286240468626,1,-1,-1,-1
160,3,1140.68004356957,193.89346092327628,274.60759622951167,679.6173965055525,1,-1,-1,-1
161,1,1477.7688310741153,30.957148596151455,234.64342153723868,597.1578824996666,1,-1,-1,-1
161,4,1199.8791247518757,232.51292982720616,354.8651294749323,820.8698026090852,1,-1,-1,-1
161,3,1140.5832371871172,199.25725002664797,268.3714620875423,673.5557035705026,1,-1,-1,-1
161,2,1178.2536151473114,-2.1546749063404604,193.21344223932806,483.23595566742085,1,-1,-1,-1
162,1,1478.6252503001201,28.599598983181068,232.46582711235754,594.5733238298216,1,-1,-1,-1
162,4,1199.3245185572637,225.6458517480399,357.69583868340465,829.2754788017413,1,-1,-1,-1
163,1,1474.3815488169482,26.774210841203683,231.69573253252537,595.3404855123653,1,-1,-1,-1
163,4,1197.7361319207387,214.7414507971243,361.0538301550077,839.922970186375,1,-1,-1,-1
163,6,1155.039311048026,201.86234436035156,174.346377903948,427.341748046875,1,-1,-1,-1
164,1,1472.9954698691843,26.035026463948554,230.81534627491817,595.4865823488337,1,-1,-1,-1
164,4,1201.739585367226,208.76034329274034,361.83720115335524,846.7912248187097,1,-1,-1,-1
164,6,1152.9979919469688,198.90020355147132,176.33788374211787,432.2840246530454,1,-1,-1,-1
165,1,1472.1869775986092,24.742682168258057,230.83799033392137,597.5998939335625,1,-1,-1,-1
165,4,1205.452003213633,208.0574511531605,357.37824053365466,846.4141382004282,1,-1,-1,-1
165,3,1130.0403523861164,194.7850051784938,249.55142511378565,635.1123501838127,1,-1,-1,-1
166,1,1467.8567643057722,23.552985886055126,230.77724332172463,599.091659724574,1,-1,-1,-1
166,4,1202.7213281408872,209.4267563063986,354.53447512551895,851.346773078491,1,-1,-1,-1
166,3,1128.3348331145748,188.63675283895674,245.07720537356525,630.4597239760634,1,-1,-1,-1
167,1,1470.2140718220496,21.0400452472324,231.47876902722916,603.5095558688027,1,-1,-1,-1
167,4,1199.5484525778609,208.7995221173495,347.9332002014433,846.6875271010708,1,-1,-1,-1
167,3,1124.1457236339238,178.83472541185068,241.43484462481885,627.1827531275512,1,-1,-1,-1
168,1,1471.55241417351,20.100229139104783,231.0159716599423,604.7762531574907,1,-1,-1,-1
168,4,1194.2183665845334,207.8817783001183,343.78557135277566,845.9988527629569,1,-1,-1,-1
168,3,1124.6364898341003,175.5720365973064,235.46816541968167,614.7404392484215,1,-1,-1,-1
169,1,1471.7620106571503,18.19507864702149,231.62967715758364,608.2012418452128,1,-1,-1,-1
169,4,1187.2410918735802,204.37926621295844,342.6422214182333,851.5274326890021,1,-1,-1,-1
169,3,1121.9919965690972,177.51858901118487,229.73179903499786,603.7151478930997,1,-1,-1,-1
170,1,1473.5678811858031,18.139453114102764,228.4811448810634,600.71054984207,1,-1,-1,-1
170,4,1175.4915010769928,197.56341374993525,341.66295135921433,855.2095183509529,1,-1,-1,-1
170,3,1120.8387846799621,173.60518785915605,228.10741028617534,599.7144916403047,1,-1,-1,-1
